tv_umpire_id,tv_umpire_name
56128,Sharfuddoula
56222,Anisur Rahman
326122,Gazi Sohel
55878,Enamul Haque
55994,Masudur Rahman
56060,Nadir Shah
266340,Tanvir Ahmed
49665,Ranmore Martinesz
39146,Ahsan Raza
260123,Mahfuzur Rahman
55974,Morshed Ali Khan
41226,Khalid Mahmood
56011,Moniruzzaman
22380,Alex Wharf
322640,Shozab Raza
50871,Raveendra Wimalasiri
17034,David Millns
50301,Prageeth Rambukwella
1093444,Muhammad Kamruzzaman
56267,Ali Arman
681417,Asif Yaqoob
50159,Ruchira Palliyaguruge
227454,Sajedul Islam
