umpire_id,umpire_name
56222,Anisur Rahman
46684,David Orchard
16315,Jeremy Lloyds
56128,Sharfuddoula
326122,Gazi Sohel
55878,Enamul Haque
55994,Masudur Rahman
56060,Nadir Shah
260123,Mahfuzur Rahman
266340,Tanvir Ahmed
15383,Richard Illingworth
49665,Ranmore Martinesz
55974,Morshed Ali Khan
39146,Ahsan Raza
41226,Khalid Mahmood
42494,Rashid Riaz
42427,Riazuddin
401827,Akteruzzaman
56101,Shafiuddin Ahmed
56011,Moniruzzaman
50871,Raveendra Wimalasiri
22380,Alex Wharf
322640,Shozab Raza
50301,Prageeth Rambukwella
17034,David Millns
1042147,D Milns
323261,Mozahiduzzaman
56267,Ali Arman
1093444,Muhammad Kamruzzaman
681417,Asif Yaqoob
51292,Deighton Butler
227454,Sajedul Islam
50159,Ruchira Palliyaguruge
